id,名字,x,y
"0",北京大兴国际机场,116.4092133703,39.4993074908
