id,名字,x,y
0,北京大兴国际机场,116.409213 ,39.499307 
